{"cameraMode":{"drawMode":0,"name":"Shaded","section":"Shading Mode"},"sceneLighting":true,"audioPlay":false,"sceneViewState":{"showFog":true,"showMaterialUpdate":false,"showSkybox":true,"showFlares":true,"showImageEffects":true,"showParticleSystems":true,"showVisualEffectGraphs":true,"m_FxEnabled":true},"in2DMode":false,"pivot":{"x":1.7687067985534669,"y":-7.954818248748779,"z":-15.137585639953614},"rotation":{"x":0.001940818503499031,"y":0.9682973623275757,"z":-0.24963092803955079,"w":0.007554504554718733},"size":11.508561134338379,"orthographic":false}